Place,Latitude,Longitude,NearestRoutePointIndex,DistanceToRoute,Generated_Description
Rosegtal,46.4890557,9.8987686,5,93.72985667617458,"- **Location**: Rosegtal, Val Roseg near Pontresina
- **Role**: Midpoint on the route from Tschiervahütte to Pontresina
- **Difficulty**: Rated S+; requires 6-8 hours of climbing
- **Features**: Scenic views, Eselsgrat (donkey ears) formations, transitioning terrain from glacier to rocky paths, replete with paths marked by stone men
- **Access**: Long but beautiful trek, ideal for trekkers and climbers seeking a classic high-altitude experience"
Val Roseg,46.4379345,9.8668031,484,2.8498313186566016,"- **Location**: Val Roseg, nestled in the Engadin valley, offering scenic views of the Bernina massif.
- **Route Role**: Key access route towards Tschiervahütte and Piz Morteratsch; often a starting or linking point for summit ascents.
- **Difficulty Level**: Moderate; T3 hiking trails with gradual elevation gain and some rough terrain.
- **Notable Features**: Beautiful landscapes with views of glaciers and mountain peaks, including Piz Roseg and Piz Tschierva; long but captivating trails ideal for walking or biking."
Tschiervahütte,46.40385045,9.88012932393112,1039,15.14470225334352,"- **Tschiervahütte**: 2,583 m, malerische Berghütte im Engadin.
- **Zustieg**: 2.5 Stunden von Pontresina über Val Roseg; mittelschwer (T3).
- **Highlights**: Ausgezeichnete Aussicht auf Piz Roseg, Biancograt und Bernina-Massiv.
- **Übernachtung**: Mehrbettzimmer, rustikale Atmosphäre, gute Verpflegung.
- **Ziel für Touren**: Ausgangspunkt für Gipfelbesteigungen wie Piz Tschierva und Piz Morteratsch.
- **Anfängereignisse**: Erfreuliche Hüttenerfahrung, lokale Wildtiere wie Hirsche."
Tschierva-Hütte,46.40385045,9.88012932393112,1039,15.14470225334352,"- **Location:** Tschierva-Hütte, situated below the west face of Piz Bernina.
- **Route Position:** Midpoint on the route to Piz Roseg; accessible from Hotel Roseg.
- **Access Time:** 1h 50min hike from Hotel Roseg (5.4 km).
- **Difficulty Level:** Moderate; precedes challenging climbs such as Piz Roseg and Eselsgrat.
- **Notable Features:** Spectacular views of Piz Roseg; scenic sunset colors on the mountain walls."
Fuorcla Prievlusa,46.3939731,9.9068242,1076,12.72156909783569,"- **Location**: Fuorcla Prievlusa, elevation 3430m
- **Route Role**: Key access point before Biancograt, transition to climbing section
- **Difficulty Level**: Moderate to challenging (ZS+, III+ for climbing)
- **Notable Features**: 
  - Good path with reflective markers
  - Requires use of crampons and ice axes
  - Access includes easy glacier travel and some rock climbing
  - Popular starting point for Piz Bernina ascent
- **Surroundings**: Offers views of Morteratsch glacier and connects to major peaks in the area."
Biancograt,46.3876352,9.9058198,1088,57.889776995595184,"- **Biancograt**
  - Renowned as the most beautiful route in the AD grade in the Alps.
  - Key feature leading to the summit of Piz Bernina.
  - Noteworthy for its visually stunning knife-edge ridge or ""Himmelsleiter"" appearance.
  - Considered a classic climb despite being labeled a ""modetour"".
  - Expected difficulty: moderate (AD grade), with sections rated up to III+.
  - Primarily navigated as a key segment of a multi-day climbing trip.
  - Ascents can include both snow and rocky challenges, requiring good conditions for safety."
Piz Bianco,46.3845983,9.9065742,1093,17.374131774207548,"- **Piz Bianco (3995m)**: Highest point of the Bianco Ridge.
- **Position**: Midpoint on the route to Piz Bernina summit (4049m).
- **Difficulty**: Challenging T5, with sections rated up to III/III+; includes climbing and abseiling.
- **Notable Features**: 
  - Long and narrow ridge with snow and rock climbing.
  - Scenic views, but weather can change rapidly (e.g., potential whiteouts).
  - Very popular climbing route, often crowded."
Piz Bernina,46.3824278,9.9080521,1099,7.1271589393882895,"- **Piz Bernina**  
  - Highest peak of the Eastern Alps (4049 m) and landmark of Graubünden.  
  - Key point along the route: summit, often approached from Marco e Rosa Hut.  
  - Difficulty: Moderate to challenging (difficulty level II to III+), predominantly rock climbing required.  
  - Features: Notable for the Biancograt ridge, offers stunning panoramic views (if weather permits).  
  - Access: Normal route is from Rifugio Marco e Rosa via Spallagrat, typically takes around 6-10 hours for ascent.  
  - Conditions: Part of the route can be icy or snowy; caution is necessary, especially with changing weather."
La Spedla,46.3809172,9.9073907,1101,3.026345345541516,"- **Name:** La Spedla (Punta Perrucchetti)
- **Elevation:** 4020 m
- **Role in Route:** Key waypoints on the ascent to Piz Bernina
- **Difficulty Level:** III degree; involves easy but exposed rock climbing (II)
- **Notable Features:** 
  - Short steep section and a snow ridge to the summit of Piz Bernina
  - Stunning views and good grip on rock
  - Requires technical climbing skills with gear (e.g., ropes and ice axes)
- **Access Point:** Connects to Rifugio Marco e Rosa and other mountain routes"
